-- DVE System — Seed Data
USE vec_dve;

-- ── KPI summary ───────────────────────────────────────────────────────────
INSERT INTO kpi (`key`, `value`) VALUES
  ('stud',  285432),
  ('intern', 42187),
  ('ent',     8935),
  ('col',      423),
  ('sup',    12847),
  ('ppp',       45)
ON DUPLICATE KEY UPDATE `value` = VALUES(`value`);

-- ── KPI trend (ปีการศึกษา 2562–2567) ─────────────────────────────────────
INSERT INTO kpi_trend (year_be, student_count) VALUES
  (2562, 28450), (2563, 25123), (2564, 26891),
  (2565, 34567), (2566, 38901), (2567, 42187)
ON DUPLICATE KEY UPDATE student_count = VALUES(student_count);

-- ── KPI province top 10 ───────────────────────────────────────────────────
INSERT INTO kpi_province (province, short_name, student_count) VALUES
  ('กรุงเทพมหานคร',    'กทม.',         8245),
  ('ชลบุรี',           'ชลบุรี',        5123),
  ('นครราชสีมา',       'น.ราชสีมา',     3891),
  ('เชียงใหม่',        'เชียงใหม่',      3456),
  ('ขอนแก่น',          'ขอนแก่น',       3124),
  ('สมุทรปราการ',      'สมุทรปราการ',    2987),
  ('ปทุมธานี',         'ปทุมธานี',       2765),
  ('ระยอง',            'ระยอง',         2543),
  ('สุราษฎร์ธานี',     'สุราษฎร์ธานี',   2234),
  ('ภูเก็ต',           'ภูเก็ต',         1987);

-- ── KPI field breakdown ───────────────────────────────────────────────────
INSERT INTO kpi_field (field_name, percentage, color) VALUES
  ('ช่างอุตสาหกรรม',        35, '#7B1D2D'),
  ('พาณิชยกรรม',            28, '#C8973A'),
  ('เทคโนโลยีสารสนเทศ',     18, '#1565A8'),
  ('คหกรรมศาสตร์',          10, '#2E7D52'),
  ('เกษตรกรรม',              9, '#B87D12');

-- ── Colleges ──────────────────────────────────────────────────────────────
INSERT INTO colleges (code, name, province, type) VALUES
  ('VT-BKK',  'วิทยาลัยเทคนิคกรุงเทพ',      'กรุงเทพมหานคร', 'วิทยาลัยเทคนิค'),
  ('VP-PN',   'วิทยาลัยพณิชยการพระนคร',     'กรุงเทพมหานคร', 'วิทยาลัยพณิชยการ'),
  ('VT-CBR',  'วิทยาลัยเทคนิคชลบุรี',        'ชลบุรี',         'วิทยาลัยเทคนิค'),
  ('VT-CMI',  'วิทยาลัยเทคนิคเชียงใหม่',     'เชียงใหม่',      'วิทยาลัยเทคนิค'),
  ('VT-KKN',  'วิทยาลัยเทคนิคขอนแก่น',      'ขอนแก่น',       'วิทยาลัยเทคนิค'),
  ('VC-NMA',  'วิทยาลัยอาชีวศึกษานครราชสีมา','นครราชสีมา',    'วิทยาลัยอาชีวศึกษา'),
  ('VT-RYG',  'วิทยาลัยเทคนิคระยอง',         'ระยอง',          'วิทยาลัยเทคนิค'),
  ('VT-NTW',  'วิทยาลัยเทคนิคนราธิวาส',      'นราธิวาส',       'วิทยาลัยเทคนิค'),
  ('VT-MPT',  'วิทยาลัยเทคนิคมาบตาพุด',      'ระยอง',          'วิทยาลัยเทคนิค');

-- ── Enterprises ───────────────────────────────────────────────────────────
INSERT INTO enterprises (code, name, type, province) VALUES
  ('E001', 'บริษัท ยนตรการ จำกัด',                    'ยานยนต์',        'กรุงเทพมหานคร'),
  ('E002', 'ธนาคารกรุงไทย จำกัด (มหาชน)',             'การเงิน',         'กรุงเทพมหานคร'),
  ('E003', 'HANA Semiconductor (Thailand) Co., Ltd.', 'อิเล็กทรอนิกส์', 'ชลบุรี'),
  ('E004', 'บจก. โลตัส เชียงใหม่',                    'ค้าปลีก',         'เชียงใหม่'),
  ('E005', 'บมจ. SCG Chemicals',                       'เคมีภัณฑ์',       'ระยอง'),
  ('E006', 'บมจ. ปตท. (PTT Plc.)',                     'พลังงาน',         'กรุงเทพมหานคร'),
  ('E007', 'Amata City Khon Kaen Co., Ltd.',           'นิคมอุตสาหกรรม', 'ขอนแก่น'),
  ('E008', 'DTAC TriNet จำกัด',                        'โทรคมนาคม',       'กรุงเทพมหานคร');

INSERT INTO enterprise_aliases (enterprise_id, alias) VALUES
  (1, 'บ.ยนตรการ จก.'),  (1, 'ยนตรการ'),
  (2, 'ธ.กรุงไทย'),       (2, 'กรุงไทย'),
  (3, 'ฮานา เซมิคอนดักเตอร์'),
  (4, 'โลตัส เชียงใหม่'),
  (5, 'SCG Chemicals'),   (5, 'SCG เคมิคอล'),
  (6, 'ปตท.'),            (6, 'PTT'),
  (7, 'อมตะซิตี้ ขอนแก่น'),
  (8, 'DTAC จก.');

-- ── Users ──────────────────────────────────────────────────────────────────
-- Demo users — password for non-students is 'dve2568'
INSERT INTO users (role, name, institution, college_id, username, password_hash) VALUES
  ('center',  'นายณรงค์ รักษ์ชาติ',   'ศูนย์ทวิภาคี สอศ.',           NULL, 'center',  '$2y$12$zN7VlU1LRKqJ7vQzl7H/y.DkNLioH1FRe99C3MaOe5mfaVHnJHB/6'),
  ('admin',   'นายวิทยา ระบบดี',       'ศูนย์ทวิภาคี สอศ.',           NULL, 'admin',   '$2y$12$zN7VlU1LRKqJ7vQzl7H/y.DkNLioH1FRe99C3MaOe5mfaVHnJHB/6'),
  ('officer', 'น.ส.สุภา มานะดี',       'วิทยาลัยเทคนิคกรุงเทพ',        1,    'officer', '$2y$12$zN7VlU1LRKqJ7vQzl7H/y.DkNLioH1FRe99C3MaOe5mfaVHnJHB/6'),
  ('teacher', 'อ.วิเชียร สุขสันต์',    'วิทยาลัยเทคนิคกรุงเทพ',        1,    'teacher', '$2y$12$zN7VlU1LRKqJ7vQzl7H/y.DkNLioH1FRe99C3MaOe5mfaVHnJHB/6'),
  ('soj',     'ผอ.ประกิต เจริญกิจ',    'สำนักงานอาชีวศึกษาจังหวัดชลบุรี', NULL, 'soj',  '$2y$12$zN7VlU1LRKqJ7vQzl7H/y.DkNLioH1FRe99C3MaOe5mfaVHnJHB/6');

-- Demo student (student_code=6601012345, national_id=1234567890123)
INSERT INTO users (role, name, institution, college_id, student_code, national_id_hash) VALUES
  ('student', 'นายสมชาย ใจดี', 'วิทยาลัยเทคนิคกรุงเทพ', 1, '6601012345',
   '$2y$12$zN7VlU1LRKqJ7vQzl7H/y.DkNLioH1FRe99C3MaOe5mfaVHnJHB/6');

-- ── Internship Requests ────────────────────────────────────────────────────
INSERT INTO internship_requests (req_code, student_name, college_name, department, enterprise_name, enterprise_id, type, status, date_submitted, period_start, period_end, period_display) VALUES
  ('REQ2568-001','นายสมชาย ใจดี',      'วท.กรุงเทพ',      'ช่างยนต์',      'บ.ยนตรการ จก.',      1,'ฝึกงาน',           'รออนุมัติ',     '2025-06-15','2025-07-01','2025-08-31','01/07–31/08/2568'),
  ('REQ2568-002','น.ส.มาลี สวยงาม',    'วพ.กรุงเทพ',      'การบัญชี',      'ธ.กรุงไทย',          2,'ฝึกอาชีพ',         'อนุมัติแล้ว',   '2025-06-14','2025-07-01','2025-08-31','01/07–31/08/2568'),
  ('REQ2568-003','นายวิชัย มุ่งมั่น',   'วท.ชลบุรี',       'ไฟฟ้ากำลัง',   'HANA Semiconductor', 3,'ฝึกงาน',           'ออกหนังสือแล้ว','2025-06-13','2025-06-01','2025-07-31','01/06–31/07/2568'),
  ('REQ2568-004','น.ส.อรุณี ขยันดี',   'วพ.เชียงใหม่',    'การตลาด',       'โลตัส เชียงใหม่',   4,'ฝึกงาน',           'รออนุมัติ',     '2025-06-13','2025-07-01','2025-08-31','01/07–31/08/2568'),
  ('REQ2568-005','นายประสิทธิ์ แข็งแกร่ง','วท.ขอนแก่น',   'เชื่อมโลหะ',   'Amata City ขอนแก่น',7,'ฝึกอาชีพ',         'ปฏิเสธ',        '2025-06-12','2025-07-01','2025-08-31','01/07–31/08/2568'),
  ('REQ2568-006','น.ส.รัตนา ใฝ่รู้',   'วอ.นครราชสีมา',   'คอมพิวเตอร์',  'DTAC จก.',           8,'ฝึกงาน',           'อนุมัติแล้ว',   '2025-06-12','2025-07-01','2025-08-31','01/07–31/08/2568'),
  ('REQ2568-007','นายกวิน สุวรรณ',     'วท.ระยอง',        'ช่างกลโรงงาน', 'SCG Chemicals',      5,'ฝึกอาชีพ',         'อยู่ระหว่างฝึก','2025-05-01','2025-05-01','2025-07-31','01/05–31/07/2568');

-- ── PPP Estates ────────────────────────────────────────────────────────────
INSERT INTO ppp_estates (code, name, province, soj_name, company_count, hr_demand, hr_filled, status) VALUES
  ('P01','นิคมฯ อมตะซิตี้ ชลบุรี',   'ชลบุรี',       'สอจ.ชลบุรี',        87,245,180,'ดำเนินการแล้ว'),
  ('P02','นิคมฯ มาบตาพุด',            'ระยอง',        'สอจ.ระยอง',         124,312,210,'ดำเนินการแล้ว'),
  ('P03','นิคมฯ อมตะซิตี้ ขอนแก่น',  'ขอนแก่น',      'สอจ.ขอนแก่น',       45,134, 89,'กำลังดำเนินการ'),
  ('P04','นิคมฯ ภาคเหนือ เชียงใหม่',  'เชียงใหม่',    'สอจ.เชียงใหม่',      38, 98, 45,'กำลังดำเนินการ'),
  ('P05','นิคมฯ สมุทรปราการ',         'สมุทรปราการ',  'สอจ.สมุทรปราการ',   156,421,312,'ดำเนินการแล้ว');

INSERT INTO ppp_hr_demand (estate_id, field_name, count_needed, count_filled, year_be) VALUES
  (1,'ช่างอุตสาหกรรม',120, 95,2568),(1,'ไฟฟ้า-อิเล็กทรอนิกส์', 80, 60,2568),(1,'เคมีภัณฑ์', 45, 25,2568),
  (2,'ช่างอุตสาหกรรม',180,140,2568),(2,'โลหะการ', 82, 50,2568),(2,'เคมีภัณฑ์', 50, 20,2568),
  (3,'ช่างอุตสาหกรรม', 60, 40,2568),(3,'ไฟฟ้า-อิเล็กทรอนิกส์', 40, 25,2568),(3,'เทคโนโลยีสารสนเทศ', 34, 24,2568),
  (4,'ช่างอุตสาหกรรม', 50, 25,2568),(4,'เกษตรกรรม', 30, 12,2568),(4,'คหกรรมศาสตร์', 18,  8,2568),
  (5,'ช่างอุตสาหกรรม',200,160,2568),(5,'พาณิชยกรรม',120, 90,2568),(5,'เทคโนโลยีสารสนเทศ',101, 62,2568);

-- ── Supervision ────────────────────────────────────────────────────────────
INSERT INTO supervision (code, student_name, college_name, enterprise_name, supervisor_name, next_visit_date, visit_count, status) VALUES
  ('S01','นายสมชาย ใจดี',     'วท.กรุงเทพ',  'บ.ยนตรการ จก.',      'ว่าที่ร.ต.วิเชียร','2025-06-20',2,'ปกติ'),
  ('S02','น.ส.มาลี สวยงาม',   'วพ.กรุงเทพ',  'ธ.กรุงไทย',           'อ.สุภาพ',          '2025-06-18',1,'ปกติ'),
  ('S03','นายวิชัย มุ่งมั่น',  'วท.ชลบุรี',   'HANA Semiconductor',  'ว่าที่ร.ต.ปิยะ',  '2025-06-25',3,'ต้องติดตาม'),
  ('S04','นายกวิน สุวรรณ',    'วท.ระยอง',    'SCG Chemicals',       'อ.นิรันดร์',       '2025-06-22',2,'ปกติ'),
  ('S05','น.ส.อรุณี ขยันดี',  'วพ.เชียงใหม่','โลตัส เชียงใหม่',    'อ.ศิริพร',         '2025-06-19',1,'ขาดการติดต่อ');

-- ── Finance Allocations ────────────────────────────────────────────────────
INSERT INTO finance_allocations (code, college_name, college_id, province, usage_pct, perf_pct, zone, amount, is_pending, fiscal_year) VALUES
  ('F01','วท.กรุงเทพ',  1,'กทม.',           95,88,'ทั่วไป',   850000,0,2567),
  ('F02','วพ.พระนคร',   2,'กทม.',           82,91,'ทั่วไป',   720000,0,2567),
  ('F03','วท.ชลบุรี',   3,'ชลบุรี',          76,84,'EEC',      980000,1,2567),
  ('F04','วท.มาบตาพุด', 9,'ระยอง',           88,79,'EEC',     1120000,1,2567),
  ('F05','วท.เชียงใหม่',4,'เชียงใหม่',        71,82,'ทั่วไป',   650000,0,2567),
  ('F06','วท.ขอนแก่น',  5,'ขอนแก่น',         65,76,'ทั่วไป',   580000,0,2567),
  ('F07','วท.นราธิวาส', 8,'นราธิวาส',         58,70,'ชายแดนใต้',920000,0,2567);

-- ── Duplicate Groups ───────────────────────────────────────────────────────
INSERT INTO duplicate_groups (code, canonical_name) VALUES
  ('DG01','Amata City Khon Kaen Co., Ltd.'),
  ('DG02','บริษัท ปตท. จำกัด (มหาชน)');

INSERT INTO duplicate_group_members (group_id, enterprise_name, usage_count, similarity_score, is_canonical) VALUES
  (1,'Amata City Khon Kaen Co., Ltd.',5,100,1),
  (1,'อมตะซิตี้ ขอนแก่น',3,85,0),
  (1,'บ.อมตะซิตี้ ขอนแก่น จก.',2,78,0),
  (2,'บริษัท ปตท. จำกัด (มหาชน)',18,100,1),
  (2,'ปตท.',12,82,0),
  (2,'PTT Plc.',9,79,0),
  (2,'บมจ.ปตท.',4,76,0);

-- ── Notifications ──────────────────────────────────────────────────────────
INSERT INTO notifications (`text`, created_at) VALUES
  ('คำร้องใหม่จาก นายสมชาย ใจดี',           DATE_SUB(NOW(), INTERVAL 5  MINUTE)),
  ('อนุมัติ REQ2568-002 แล้ว',               DATE_SUB(NOW(), INTERVAL 1  HOUR)),
  ('ครูวิเชียรบันทึกผลนิเทศ',                DATE_SUB(NOW(), INTERVAL 3  HOUR)),
  ('ตรวจพบสถานประกอบการซ้ำ 2 กลุ่ม',        DATE_SUB(NOW(), INTERVAL 1  DAY));
